TraceId,Log,Model,Cost
0,AB,AB,0
1,AB,AB,0
2,ABHIJKLM,ABDEEHIJKLM,3
3,ABG,ABG,0
4,ABNSRTUO,AB,6
5,ABW,AB,1
6,ABC,ABC,0
7,ABW,AB,1
8,AB,AB,0
9,ABHIJKLM,ABDEEHIJKLM,3
10,ABG,ABG,0
11,AB,AB,0
12,ABNTUSRO,AB,6
13,ABG,ABG,0
14,ABC,ABC,0
15,ABHJIKLM,ABDEEHJIKLM,3
16,ABV,ABV,0
17,ABC,ABC,0
18,ABG,ABG,0
19,ABNTRUSO,AB,6
20,ABHIJKLM,ABDEEHIJKLM,3
21,ABHIJKLM,ABDEEHIJKLM,3
22,ABDE,ABDE,0
23,ABC,ABC,0
24,ABC,ABC,0
25,ABC,ABC,0
26,AB,AB,0
27,ABW,AB,1
28,ABG,ABG,0
29,AB,AB,0
30,ABNO,AB,2
31,ABG,ABG,0
32,ABNO,AB,2
33,ABG,ABG,0
34,ABNO,AB,2
35,ABG,ABG,0
36,ABW,AB,1
37,ABHJIKLM,ABDEEHJIKLM,3
38,AB,AB,0
39,ABV,ABV,0
40,ABG,ABG,0
41,ABHJIKLM,ABDEEHJIKLM,3
42,ABC,ABC,0
43,AB,AB,0
44,ABV,ABV,0
45,ABG,ABG,0
46,ABHIJKLM,ABDEEHIJKLM,3
47,ABC,ABC,0
48,ABC,ABC,0
49,ABHJIKLM,ABDEEHJIKLM,3
50,ABNO,AB,2
51,ABHIJKLM,ABDEEHIJKLM,3
52,ABG,ABG,0
53,ABW,AB,1
54,ABHIJKLM,ABDEEHIJKLM,3
55,ABDE,ABDE,0
56,AB,AB,0
57,ABDE,ABDE,0
58,ABW,AB,1
59,ABNTURSO,AB,6
60,ABG,ABG,0
61,ABDE,ABDE,0
62,ABDE,ABDE,0
63,ABG,ABG,0
64,AB,AB,0
65,ABHJIKLM,ABDEEHJIKLM,3
66,ABW,AB,1
67,ABW,AB,1
68,ABHJIKLM,ABDEEHJIKLM,3
69,ABC,ABC,0
70,ABG,ABG,0
71,AB,AB,0
72,ABHIJKLM,ABDEEHIJKLM,3
73,ABHIJKLM,ABDEEHIJKLM,3
74,AB,AB,0
75,ABV,ABV,0
76,ABG,ABG,0
77,ABHJIKLM,ABDEEHJIKLM,3
78,ABDE,ABDE,0
79,ABG,ABG,0
80,ABW,AB,1
81,ABV,ABV,0
82,ABHIJKLM,ABDEEHIJKLM,3
83,ABG,ABG,0
84,ABNRSUTO,AB,6
85,AB,AB,0
86,ABNUTSRO,AB,6
87,ABG,ABG,0
88,ABHIJKLM,ABDEEHIJKLM,3
89,ABNO,AB,2
90,ABC,ABC,0
91,ABNURTSO,AB,6
92,ABC,ABC,0
93,ABC,ABC,0
94,ABG,ABG,0
95,AB,AB,0
96,ABHIJKLM,ABDEEHIJKLM,3
97,ABW,AB,1
98,AB,AB,0
99,ABV,ABV,0
100,ABW,AB,1
101,ABC,ABC,0
102,ABW,AB,1
103,ABNO,AB,2
104,ABHIJKLM,ABDEEHIJKLM,3
105,ABW,AB,1
106,ABHIJKLM,ABDEEHIJKLM,3
107,ABG,ABG,0
108,ABG,ABG,0
109,ABC,ABC,0
110,ABW,AB,1
111,ABNO,AB,2
112,ABHJIKLM,ABDEEHJIKLM,3
113,ABC,ABC,0
114,ABW,AB,1
115,ABV,ABV,0
116,ABHIJKLM,ABDEEHIJKLM,3
117,ABC,ABC,0
118,ABG,ABG,0
119,ABHJIKLM,ABDEEHJIKLM,3
120,ABG,ABG,0
121,ABHJIKLM,ABDEEHJIKLM,3
122,ABG,ABG,0
123,ABW,AB,1
124,ABG,ABG,0
125,ABG,ABG,0
126,ABDE,ABDE,0
127,ABG,ABG,0
128,AB,AB,0
129,ABHIJKLM,ABDEEHIJKLM,3
130,AB,AB,0
131,AB,AB,0
132,ABNO,AB,2
133,ABDE,ABDE,0
134,ABW,AB,1
135,ABV,ABV,0
136,ABG,ABG,0
137,ABNO,AB,2
138,ABHIJKLM,ABDEEHIJKLM,3
139,ABDE,ABDE,0
140,ABC,ABC,0
141,AB,AB,0
142,AB,AB,0
143,ABNO,AB,2
144,ABC,ABC,0
145,ABNRTSUO,AB,6
146,AB,AB,0
147,ABW,AB,1
148,ABDE,ABDE,0
149,ABDE,ABDE,0
150,ABHIJKLM,ABDEEHIJKLM,3
151,ABV,ABV,0
152,ABHJIKLM,ABDEEHJIKLM,3
153,ABHJIKLM,ABDEEHJIKLM,3
154,ABNTRSUO,AB,6
155,ABV,ABV,0
156,ABV,ABV,0
157,AB,AB,0
158,ABG,ABG,0
159,ABHJIKLM,ABDEEHJIKLM,3
160,ABG,ABG,0
161,AB,AB,0
162,ABG,ABG,0
163,ABDE,ABDE,0
164,ABNO,AB,2
165,AB,AB,0
166,ABV,ABV,0
167,ABV,ABV,0
168,ABV,ABV,0
169,AB,AB,0
170,ABC,ABC,0
171,ABDE,ABDE,0
172,ABHJIKLM,ABDEEHJIKLM,3
173,ABHJIKLM,ABDEEHJIKLM,3
174,AB,AB,0
175,AB,AB,0
176,ABG,ABG,0
177,ABC,ABC,0
178,ABNO,AB,2
179,ABHJIKLM,ABDEEHJIKLM,3
180,ABV,ABV,0
181,ABC,ABC,0
182,ABG,ABG,0
183,ABDE,ABDE,0
184,ABC,ABC,0
185,ABNO,AB,2
186,ABHIJKLM,ABDEEHIJKLM,3
187,ABV,ABV,0
188,ABC,ABC,0
189,ABC,ABC,0
190,AB,AB,0
191,ABV,ABV,0
192,ABDE,ABDE,0
193,AB,AB,0
194,ABC,ABC,0
195,ABC,ABC,0
196,ABG,ABG,0
197,ABW,AB,1
198,ABHJIKLM,ABDEEHJIKLM,3
199,AB,AB,0
200,ABDE,ABDE,0
201,ABNUSRTO,AB,6
202,ABC,ABC,0
203,ABV,ABV,0
204,ABDE,ABDE,0
205,ABW,AB,1
206,AB,AB,0
207,ABC,ABC,0
208,ABG,ABG,0
209,ABNRTUSO,AB,6
210,ABW,AB,1
211,ABV,ABV,0
212,ABHJIKLM,ABDEEHJIKLM,3
213,ABC,ABC,0
214,ABDE,ABDE,0
215,ABDE,ABDE,0
216,ABG,ABG,0
217,ABW,AB,1
218,ABG,ABG,0
219,ABW,AB,1
220,ABNO,AB,2
221,ABHJIKLM,ABDEEHJIKLM,3
222,ABC,ABC,0
223,ABDE,ABDE,0
224,ABC,ABC,0
225,ABNRTUSO,AB,6
226,ABDE,ABDE,0
227,ABC,ABC,0
228,ABNO,AB,2
229,ABNO,AB,2
230,ABNO,AB,2
231,ABV,ABV,0
232,ABDE,ABDE,0
233,ABC,ABC,0
234,ABDE,ABDE,0
235,ABDE,ABDE,0
236,ABHJIKLM,ABDEEHJIKLM,3
237,ABW,AB,1
238,ABDE,ABDE,0
239,ABNUTRSO,AB,6
240,AB,AB,0
241,ABC,ABC,0
242,ABNO,AB,2
243,ABW,AB,1
244,ABNO,AB,2
245,ABDE,ABDE,0
246,AB,AB,0
247,ABHJIKLM,ABDEEHJIKLM,3
248,ABG,ABG,0
249,ABG,ABG,0
250,ABHIJKLM,ABDEEHIJKLM,3
251,ABV,ABV,0
252,AB,AB,0
253,ABW,AB,1
254,ABG,ABG,0
255,ABHIJKLM,ABDEEHIJKLM,3
256,ABV,ABV,0
257,ABV,ABV,0
258,ABHIJKLM,ABDEEHIJKLM,3
259,ABHIJKLM,ABDEEHIJKLM,3
260,ABG,ABG,0
261,ABDE,ABDE,0
262,ABV,ABV,0
263,ABG,ABG,0
264,ABW,AB,1
265,ABC,ABC,0
266,ABC,ABC,0
267,ABV,ABV,0
268,ABDE,ABDE,0
269,ABC,ABC,0
270,AB,AB,0
271,ABDE,ABDE,0
272,AB,AB,0
273,ABV,ABV,0
274,ABW,AB,1
275,ABDE,ABDE,0
276,ABW,AB,1
277,ABDE,ABDE,0
278,ABDE,ABDE,0
279,ABC,ABC,0
280,ABV,ABV,0
281,ABNUTSRO,AB,6
282,ABG,ABG,0
283,ABC,ABC,0
284,ABDE,ABDE,0
285,ABDE,ABDE,0
286,AB,AB,0
287,ABC,ABC,0
288,ABC,ABC,0
289,ABG,ABG,0
290,ABV,ABV,0
291,ABW,AB,1
292,ABV,ABV,0
293,ABG,ABG,0
294,AB,AB,0
295,ABG,ABG,0
296,AB,AB,0
297,ABNO,AB,2
298,ABV,ABV,0
299,ABC,ABC,0
300,ABC,ABC,0
301,ABG,ABG,0
302,ABNSRTUO,AB,6
303,ABG,ABG,0
304,AB,AB,0
305,ABC,ABC,0
306,ABDE,ABDE,0
307,ABW,AB,1
308,ABNRUSTO,AB,6
309,ABW,AB,1
310,ABDE,ABDE,0
311,ABV,ABV,0
312,ABG,ABG,0
313,ABDE,ABDE,0
314,AB,AB,0
315,ABV,ABV,0
316,ABG,ABG,0
317,ABDE,ABDE,0
318,ABC,ABC,0
319,ABNRUSTO,AB,6
320,ABV,ABV,0
321,ABG,ABG,0
322,ABHIJKLM,ABDEEHIJKLM,3
323,ABW,AB,1
324,ABNO,AB,2
325,ABV,ABV,0
326,ABW,AB,1
327,ABC,ABC,0
328,ABNO,AB,2
329,ABW,AB,1
330,ABHIJKLM,ABDEEHIJKLM,3
331,ABNRUTSO,AB,6
332,ABHIJKLM,ABDEEHIJKLM,3
333,ABDE,ABDE,0
334,ABW,AB,1
335,AB,AB,0
336,ABG,ABG,0
337,ABG,ABG,0
338,ABC,ABC,0
339,ABC,ABC,0
340,ABW,AB,1
341,AB,AB,0
342,AB,AB,0
343,ABV,ABV,0
344,ABC,ABC,0
345,ABC,ABC,0
346,ABC,ABC,0
347,ABC,ABC,0
348,ABHJIKLM,ABDEEHJIKLM,3
349,ABDE,ABDE,0
350,ABDE,ABDE,0
351,ABC,ABC,0
352,ABW,AB,1
353,ABC,ABC,0
354,ABHIJKLM,ABDEEHIJKLM,3
355,ABHJIKLM,ABDEEHJIKLM,3
356,ABNO,AB,2
357,ABHIJKLM,ABDEEHIJKLM,3
358,ABC,ABC,0
359,ABDE,ABDE,0
360,ABHJIKLM,ABDEEHJIKLM,3
361,ABHJIKLM,ABDEEHJIKLM,3
362,ABHJIKLM,ABDEEHJIKLM,3
363,ABHIJKLM,ABDEEHIJKLM,3
364,ABHIJKLM,ABDEEHIJKLM,3
365,AB,AB,0
366,ABHIJKLM,ABDEEHIJKLM,3
367,ABV,ABV,0
368,ABHIJKLM,ABDEEHIJKLM,3
369,ABG,ABG,0
370,ABW,AB,1
371,ABDE,ABDE,0
372,AB,AB,0
373,ABV,ABV,0
374,ABG,ABG,0
375,ABV,ABV,0
376,ABG,ABG,0
377,ABDE,ABDE,0
378,ABG,ABG,0
379,ABV,ABV,0
380,ABNO,AB,2
381,ABG,ABG,0
382,ABC,ABC,0
383,ABC,ABC,0
384,ABDE,ABDE,0
385,ABNSRUTO,AB,6
386,ABC,ABC,0
387,ABC,ABC,0
388,ABC,ABC,0
389,ABHIJKLM,ABDEEHIJKLM,3
390,ABW,AB,1
391,ABG,ABG,0
392,ABDE,ABDE,0
393,ABC,ABC,0
394,ABHIJKLM,ABDEEHIJKLM,3
395,ABHIJKLM,ABDEEHIJKLM,3
396,ABDE,ABDE,0
397,ABC,ABC,0
398,ABDE,ABDE,0
399,ABDE,ABDE,0
400,ABW,AB,1
401,ABHIJKLM,ABDEEHIJKLM,3
402,AB,AB,0
403,ABDE,ABDE,0
404,ABNO,AB,2
405,AB,AB,0
406,ABG,ABG,0
407,ABNO,AB,2
408,ABDE,ABDE,0
409,ABNSTRUO,AB,6
410,AB,AB,0
411,ABV,ABV,0
412,ABNO,AB,2
413,ABG,ABG,0
414,ABW,AB,1
415,AB,AB,0
416,ABG,ABG,0
417,ABNO,AB,2
418,ABDE,ABDE,0
419,ABDE,ABDE,0
420,ABNO,AB,2
421,ABG,ABG,0
422,ABHIJKLM,ABDEEHIJKLM,3
423,ABV,ABV,0
424,ABC,ABC,0
425,ABDE,ABDE,0
426,ABW,AB,1
427,ABDE,ABDE,0
428,ABV,ABV,0
429,ABW,AB,1
430,ABHIJKLM,ABDEEHIJKLM,3
431,ABV,ABV,0
432,AB,AB,0
433,ABV,ABV,0
434,ABG,ABG,0
435,ABG,ABG,0
436,ABV,ABV,0
437,ABNO,AB,2
438,ABW,AB,1
439,ABNO,AB,2
440,ABDE,ABDE,0
441,ABW,AB,1
442,AB,AB,0
443,ABNO,AB,2
444,ABDE,ABDE,0
445,ABC,ABC,0
446,ABW,AB,1
447,ABHIJKLM,ABDEEHIJKLM,3
448,ABW,AB,1
449,ABV,ABV,0
450,ABNSUTRO,AB,6
451,ABW,AB,1
452,ABC,ABC,0
453,AB,AB,0
454,ABNTRUSO,AB,6
455,ABNURSTO,AB,6
456,ABHJIKLM,ABDEEHJIKLM,3
457,ABHIJKLM,ABDEEHIJKLM,3
458,ABHIJKLM,ABDEEHIJKLM,3
459,ABV,ABV,0
460,ABHJIKLM,ABDEEHJIKLM,3
461,ABV,ABV,0
462,AB,AB,0
463,AB,AB,0
464,ABG,ABG,0
465,ABDE,ABDE,0
466,ABDE,ABDE,0
467,ABHIJKLM,ABDEEHIJKLM,3
468,ABV,ABV,0
469,ABHIJKLM,ABDEEHIJKLM,3
470,ABDE,ABDE,0
471,AB,AB,0
472,ABDE,ABDE,0
473,ABG,ABG,0
474,ABNO,AB,2
475,ABW,AB,1
476,ABG,ABG,0
477,ABC,ABC,0
478,AB,AB,0
479,ABDE,ABDE,0
480,ABDE,ABDE,0
481,ABDE,ABDE,0
482,ABG,ABG,0
483,AB,AB,0
484,ABHIJKLM,ABDEEHIJKLM,3
485,AB,AB,0
486,ABHIJKLM,ABDEEHIJKLM,3
487,ABW,AB,1
488,ABV,ABV,0
489,ABC,ABC,0
490,AB,AB,0
491,AB,AB,0
492,ABDE,ABDE,0
493,ABDE,ABDE,0
494,AB,AB,0
495,ABV,ABV,0
496,ABNO,AB,2
497,ABHIJKLM,ABDEEHIJKLM,3
498,ABW,AB,1
499,ABDE,ABDE,0
500,ABV,ABV,0
501,ABHIJKLM,ABDEEHIJKLM,3
502,ABNO,AB,2
503,ABV,ABV,0
504,ABW,AB,1
505,ABV,ABV,0
506,ABDE,ABDE,0
507,ABNRUSTO,AB,6
508,ABHIJKLM,ABDEEHIJKLM,3
509,AB,AB,0
510,AB,AB,0
511,AB,AB,0
512,ABHJIKLM,ABDEEHJIKLM,3
513,ABDE,ABDE,0
514,ABC,ABC,0
515,AB,AB,0
516,AB,AB,0
517,ABC,ABC,0
518,ABV,ABV,0
519,ABW,AB,1
520,ABNSRUTO,AB,6
521,ABG,ABG,0
522,ABC,ABC,0
523,ABC,ABC,0
524,ABV,ABV,0
525,ABG,ABG,0
526,ABDE,ABDE,0
527,ABG,ABG,0
528,ABW,AB,1
529,ABDE,ABDE,0
530,ABHJIKLM,ABDEEHJIKLM,3
531,ABW,AB,1
532,ABW,AB,1
533,ABC,ABC,0
534,ABHIJKLM,ABDEEHIJKLM,3
535,ABHIJKLM,ABDEEHIJKLM,3
536,ABDE,ABDE,0
537,ABV,ABV,0
538,AB,AB,0
539,ABHJIKLM,ABDEEHJIKLM,3
540,ABW,AB,1
541,ABG,ABG,0
542,ABV,ABV,0
543,ABC,ABC,0
544,AB,AB,0
545,ABHJIKLM,ABDEEHJIKLM,3
546,ABG,ABG,0
547,ABV,ABV,0
548,ABNO,AB,2
549,AB,AB,0
550,ABW,AB,1
551,ABNSRUTO,AB,6
552,ABV,ABV,0
553,ABC,ABC,0
554,ABW,AB,1
555,ABW,AB,1
556,ABW,AB,1
557,ABC,ABC,0
558,ABC,ABC,0
559,ABG,ABG,0
560,ABG,ABG,0
561,ABV,ABV,0
562,ABDE,ABDE,0
563,AB,AB,0
564,ABHJIKLM,ABDEEHJIKLM,3
565,ABHIJKLM,ABDEEHIJKLM,3
566,AB,AB,0
567,AB,AB,0
568,ABV,ABV,0
569,ABHIJKLM,ABDEEHIJKLM,3
570,ABC,ABC,0
571,ABDE,ABDE,0
572,ABW,AB,1
573,AB,AB,0
574,ABW,AB,1
575,ABNO,AB,2
576,ABW,AB,1
577,ABHIJKLM,ABDEEHIJKLM,3
578,ABHJIKLM,ABDEEHJIKLM,3
579,ABHIJKLM,ABDEEHIJKLM,3
580,ABG,ABG,0
581,ABC,ABC,0
582,ABV,ABV,0
583,ABDE,ABDE,0
584,ABG,ABG,0
585,ABW,AB,1
586,ABC,ABC,0
587,ABC,ABC,0
588,ABG,ABG,0
589,AB,AB,0
590,ABC,ABC,0
591,ABV,ABV,0
592,AB,AB,0
593,ABNSRUTO,AB,6
594,ABW,AB,1
595,ABG,ABG,0
596,ABNO,AB,2
597,ABC,ABC,0
598,ABHIJKLM,ABDEEHIJKLM,3
599,ABV,ABV,0
600,ABNSTRUO,AB,6
601,ABG,ABG,0
602,ABG,ABG,0
603,ABC,ABC,0
604,ABDE,ABDE,0
605,ABW,AB,1
606,ABW,AB,1
607,ABHJIKLM,ABDEEHJIKLM,3
608,ABG,ABG,0
609,AB,AB,0
610,ABG,ABG,0
611,ABC,ABC,0
612,AB,AB,0
613,ABG,ABG,0
614,ABG,ABG,0
615,ABDE,ABDE,0
616,ABHJIKLM,ABDEEHJIKLM,3
617,ABC,ABC,0
618,ABG,ABG,0
619,ABNURTSO,AB,6
620,ABHJIKLM,ABDEEHJIKLM,3
621,ABDE,ABDE,0
622,ABC,ABC,0
623,ABV,ABV,0
624,ABHJIKLM,ABDEEHJIKLM,3
625,ABV,ABV,0
626,ABG,ABG,0
627,AB,AB,0
628,ABC,ABC,0
629,AB,AB,0
630,ABHJIKLM,ABDEEHJIKLM,3
631,ABHJIKLM,ABDEEHJIKLM,3
632,ABW,AB,1
633,ABG,ABG,0
634,ABG,ABG,0
635,ABC,ABC,0
636,ABW,AB,1
637,AB,AB,0
638,ABHIJKLM,ABDEEHIJKLM,3
639,ABHJIKLM,ABDEEHJIKLM,3
640,AB,AB,0
641,ABC,ABC,0
642,ABC,ABC,0
643,ABNURTSO,AB,6
644,AB,AB,0
645,ABDE,ABDE,0
646,ABDE,ABDE,0
647,ABG,ABG,0
648,AB,AB,0
649,ABDE,ABDE,0
650,ABV,ABV,0
651,AB,AB,0
652,ABNUTSRO,AB,6
653,ABNO,AB,2
654,ABNO,AB,2
655,AB,AB,0
656,ABDE,ABDE,0
657,ABDE,ABDE,0
658,ABDE,ABDE,0
659,ABG,ABG,0
660,ABV,ABV,0
661,ABV,ABV,0
662,ABNUTSRO,AB,6
663,ABHIJKLM,ABDEEHIJKLM,3
664,AB,AB,0
665,AB,AB,0
666,AB,AB,0
667,ABHIJKLM,ABDEEHIJKLM,3
668,ABW,AB,1
669,ABNRSTUO,AB,6
670,AB,AB,0
671,ABV,ABV,0
672,ABC,ABC,0
673,ABW,AB,1
674,ABDE,ABDE,0
675,ABG,ABG,0
676,AB,AB,0
677,AB,AB,0
678,ABC,ABC,0
679,ABC,ABC,0
680,ABNSUTRO,AB,6
681,ABG,ABG,0
682,ABDE,ABDE,0
683,ABHIJKLM,ABDEEHIJKLM,3
684,ABV,ABV,0
685,ABW,AB,1
686,ABV,ABV,0
687,ABC,ABC,0
688,ABG,ABG,0
689,ABV,ABV,0
690,ABW,AB,1
691,ABW,AB,1
692,ABDE,ABDE,0
693,ABC,ABC,0
694,ABC,ABC,0
695,ABV,ABV,0
696,ABC,ABC,0
697,ABG,ABG,0
698,ABNTURSO,AB,6
699,ABV,ABV,0
700,ABNO,AB,2
701,ABHIJKLM,ABDEEHIJKLM,3
702,ABW,AB,1
703,ABDE,ABDE,0
704,ABV,ABV,0
705,ABW,AB,1
706,ABC,ABC,0
707,ABG,ABG,0
708,ABHJIKLM,ABDEEHJIKLM,3
709,ABG,ABG,0
710,AB,AB,0
711,ABG,ABG,0
712,ABHJIKLM,ABDEEHJIKLM,3
713,ABG,ABG,0
714,ABG,ABG,0
715,ABV,ABV,0
716,ABW,AB,1
717,ABG,ABG,0
718,ABW,AB,1
719,ABHIJKLM,ABDEEHIJKLM,3
720,AB,AB,0
721,AB,AB,0
722,ABNTUSRO,AB,6
723,ABV,ABV,0
724,ABW,AB,1
725,ABV,ABV,0
726,ABW,AB,1
727,ABV,ABV,0
728,ABG,ABG,0
729,ABC,ABC,0
730,ABW,AB,1
731,ABC,ABC,0
732,ABV,ABV,0
733,ABW,AB,1
734,AB,AB,0
735,ABHIJKLM,ABDEEHIJKLM,3
736,ABHJIKLM,ABDEEHJIKLM,3
737,ABNRUTSO,AB,6
738,ABC,ABC,0
739,ABW,AB,1
740,ABDE,ABDE,0
741,ABW,AB,1
742,ABW,AB,1
743,ABG,ABG,0
744,AB,AB,0
745,ABNO,AB,2
746,ABDE,ABDE,0
747,AB,AB,0
748,ABC,ABC,0
749,AB,AB,0
750,ABHJIKLM,ABDEEHJIKLM,3
751,ABG,ABG,0
752,ABDE,ABDE,0
753,ABV,ABV,0
754,ABV,ABV,0
755,ABC,ABC,0
756,ABW,AB,1
757,ABG,ABG,0
758,ABHIJKLM,ABDEEHIJKLM,3
759,AB,AB,0
760,ABC,ABC,0
761,ABG,ABG,0
762,ABG,ABG,0
763,ABV,ABV,0
764,ABW,AB,1
765,ABHIJKLM,ABDEEHIJKLM,3
766,ABNO,AB,2
767,ABC,ABC,0
768,AB,AB,0
769,ABC,ABC,0
770,ABDE,ABDE,0
771,ABHIJKLM,ABDEEHIJKLM,3
772,AB,AB,0
773,ABDE,ABDE,0
774,ABC,ABC,0
775,ABNRTUSO,AB,6
776,ABDE,ABDE,0
777,ABG,ABG,0
778,AB,AB,0
779,ABHIJKLM,ABDEEHIJKLM,3
780,ABW,AB,1
781,ABV,ABV,0
782,ABW,AB,1
783,ABC,ABC,0
784,ABNO,AB,2
785,ABG,ABG,0
786,ABC,ABC,0
787,ABC,ABC,0
788,ABHIJKLM,ABDEEHIJKLM,3
789,ABW,AB,1
790,ABC,ABC,0
791,AB,AB,0
792,ABDE,ABDE,0
793,ABNUSTRO,AB,6
794,ABW,AB,1
795,ABHJIKLM,ABDEEHJIKLM,3
796,ABNO,AB,2
797,AB,AB,0
798,AB,AB,0
799,ABDE,ABDE,0
800,ABC,ABC,0
801,ABV,ABV,0
802,ABHJIKLM,ABDEEHJIKLM,3
803,ABDE,ABDE,0
804,ABW,AB,1
805,ABC,ABC,0
806,ABW,AB,1
807,ABV,ABV,0
808,ABW,AB,1
809,ABV,ABV,0
810,ABW,AB,1
811,ABHJIKLM,ABDEEHJIKLM,3
812,ABV,ABV,0
813,AB,AB,0
814,AB,AB,0
815,ABW,AB,1
816,ABC,ABC,0
817,ABW,AB,1
818,ABNO,AB,2
819,ABC,ABC,0
820,ABV,ABV,0
821,ABNO,AB,2
822,ABG,ABG,0
823,ABV,ABV,0
824,ABHJIKLM,ABDEEHJIKLM,3
825,ABDE,ABDE,0
826,ABW,AB,1
827,ABHJIKLM,ABDEEHJIKLM,3
828,ABC,ABC,0
829,ABV,ABV,0
830,ABW,AB,1
831,AB,AB,0
832,ABHJIKLM,ABDEEHJIKLM,3
833,ABW,AB,1
834,ABHIJKLM,ABDEEHIJKLM,3
835,AB,AB,0
836,ABG,ABG,0
837,ABV,ABV,0
838,ABHJIKLM,ABDEEHJIKLM,3
839,ABW,AB,1
840,ABDE,ABDE,0
841,ABG,ABG,0
842,ABC,ABC,0
843,ABV,ABV,0
844,ABC,ABC,0
845,AB,AB,0
846,ABNO,AB,2
847,ABV,ABV,0
848,ABHIJKLM,ABDEEHIJKLM,3
849,ABDE,ABDE,0
850,ABNURTSO,AB,6
851,ABC,ABC,0
852,ABC,ABC,0
853,ABC,ABC,0
854,AB,AB,0
855,ABG,ABG,0
856,ABHJIKLM,ABDEEHJIKLM,3
857,ABC,ABC,0
858,ABC,ABC,0
859,ABHJIKLM,ABDEEHJIKLM,3
860,ABV,ABV,0
861,ABV,ABV,0
862,ABV,ABV,0
863,AB,AB,0
864,ABHIJKLM,ABDEEHIJKLM,3
865,ABG,ABG,0
866,ABNO,AB,2
867,ABG,ABG,0
868,ABDE,ABDE,0
869,ABV,ABV,0
870,ABC,ABC,0
871,ABC,ABC,0
872,AB,AB,0
873,ABV,ABV,0
874,ABC,ABC,0
875,ABNURSTO,AB,6
876,ABHJIKLM,ABDEEHJIKLM,3
877,ABC,ABC,0
878,ABG,ABG,0
879,ABNUTSRO,AB,6
880,ABW,AB,1
881,ABG,ABG,0
882,ABDE,ABDE,0
883,AB,AB,0
884,ABW,AB,1
885,ABDE,ABDE,0
886,ABW,AB,1
887,ABW,AB,1
888,ABW,AB,1
889,ABHJIKLM,ABDEEHJIKLM,3
890,ABNTRSUO,AB,6
891,ABHJIKLM,ABDEEHJIKLM,3
892,AB,AB,0
893,AB,AB,0
894,ABC,ABC,0
895,ABDE,ABDE,0
896,ABDE,ABDE,0
897,ABNO,AB,2
898,ABC,ABC,0
899,ABNURSTO,AB,6
900,ABNSTRUO,AB,6
901,ABNO,AB,2
902,ABG,ABG,0
903,ABC,ABC,0
904,ABW,AB,1
905,ABDE,ABDE,0
906,ABHJIKLM,ABDEEHJIKLM,3
907,ABDE,ABDE,0
908,ABW,AB,1
909,ABW,AB,1
910,ABDE,ABDE,0
911,AB,AB,0
912,AB,AB,0
913,ABG,ABG,0
914,ABHIJKLM,ABDEEHIJKLM,3
915,ABG,ABG,0
916,ABNO,AB,2
917,ABDE,ABDE,0
918,ABC,ABC,0
919,ABC,ABC,0
920,AB,AB,0
921,ABC,ABC,0
922,ABNSRTUO,AB,6
923,ABDE,ABDE,0
924,ABNO,AB,2
925,ABV,ABV,0
926,ABW,AB,1
927,ABW,AB,1
928,ABG,ABG,0
929,ABHIJKLM,ABDEEHIJKLM,3
930,ABW,AB,1
931,AB,AB,0
932,ABDE,ABDE,0
933,ABDE,ABDE,0
934,ABW,AB,1
935,ABHJIKLM,ABDEEHJIKLM,3
936,ABHIJKLM,ABDEEHIJKLM,3
937,ABV,ABV,0
938,ABG,ABG,0
939,AB,AB,0
940,ABW,AB,1
941,AB,AB,0
942,ABHJIKLM,ABDEEHJIKLM,3
943,ABG,ABG,0
944,ABDE,ABDE,0
945,ABHJIKLM,ABDEEHJIKLM,3
946,ABV,ABV,0
947,ABDE,ABDE,0
948,ABDE,ABDE,0
949,ABC,ABC,0
950,ABV,ABV,0
951,AB,AB,0
952,AB,AB,0
953,ABNO,AB,2
954,ABG,ABG,0
955,ABHIJKLM,ABDEEHIJKLM,3
956,ABNRTUSO,AB,6
957,ABG,ABG,0
958,ABDE,ABDE,0
959,ABHJIKLM,ABDEEHJIKLM,3
960,ABHJIKLM,ABDEEHJIKLM,3
961,ABDE,ABDE,0
962,AB,AB,0
963,ABHJIKLM,ABDEEHJIKLM,3
964,ABW,AB,1
965,ABV,ABV,0
966,ABW,AB,1
967,ABC,ABC,0
968,AB,AB,0
969,ABG,ABG,0
970,ABHIJKLM,ABDEEHIJKLM,3
971,AB,AB,0
972,ABHJIKLM,ABDEEHJIKLM,3
973,ABW,AB,1
974,ABHJIKLM,ABDEEHJIKLM,3
975,ABG,ABG,0
976,AB,AB,0
977,ABV,ABV,0
978,ABHJIKLM,ABDEEHJIKLM,3
979,ABDE,ABDE,0
980,ABW,AB,1
981,ABV,ABV,0
982,ABV,ABV,0
983,ABV,ABV,0
984,ABNO,AB,2
985,AB,AB,0
986,ABV,ABV,0
987,ABDE,ABDE,0
988,ABC,ABC,0
989,ABDE,ABDE,0
990,ABG,ABG,0
991,ABW,AB,1
992,AB,AB,0
993,ABV,ABV,0
994,ABHJIKLM,ABDEEHJIKLM,3
995,ABDE,ABDE,0
996,ABHJIKLM,ABDEEHJIKLM,3
997,ABG,ABG,0
998,ABC,ABC,0
999,ABW,AB,1
1000,ABC,ABC,0
1001,ABDE,ABDE,0
1002,ABDE,ABDE,0
1003,ABNTRSUO,AB,6
1004,ABW,AB,1
1005,ABHIJKLM,ABDEEHIJKLM,3
1006,ABW,AB,1
1007,ABHIJKLM,ABDEEHIJKLM,3
1008,ABW,AB,1
1009,AB,AB,0
1010,ABC,ABC,0
1011,AB,AB,0
1012,ABHJIKLM,ABDEEHJIKLM,3
1013,ABV,ABV,0
1014,ABDE,ABDE,0
1015,ABNURSTO,AB,6
1016,ABG,ABG,0
1017,ABG,ABG,0
1018,ABG,ABG,0
1019,ABDE,ABDE,0
1020,ABDE,ABDE,0
1021,ABV,ABV,0
1022,ABNTSRUO,AB,6
1023,ABDE,ABDE,0
1024,AB,AB,0
1025,ABC,ABC,0
1026,ABHJIKLM,ABDEEHJIKLM,3
1027,ABC,ABC,0
1028,AB,AB,0
1029,AB,AB,0
1030,ABV,ABV,0
1031,ABW,AB,1
1032,ABV,ABV,0
1033,ABW,AB,1
1034,ABG,ABG,0
1035,ABC,ABC,0
1036,ABC,ABC,0
1037,AB,AB,0
1038,ABDE,ABDE,0
1039,ABV,ABV,0
1040,ABC,ABC,0
1041,ABC,ABC,0
1042,ABC,ABC,0
1043,ABG,ABG,0
1044,ABC,ABC,0
1045,ABV,ABV,0
1046,AB,AB,0
1047,ABW,AB,1
1048,ABDE,ABDE,0
1049,AB,AB,0
1050,AB,AB,0
1051,ABDE,ABDE,0
1052,ABDE,ABDE,0
1053,ABHIJKLM,ABDEEHIJKLM,3
1054,ABHJIKLM,ABDEEHJIKLM,3
1055,ABHIJKLM,ABDEEHIJKLM,3
1056,ABC,ABC,0
1057,AB,AB,0
1058,AB,AB,0
1059,ABG,ABG,0
1060,ABDE,ABDE,0
1061,ABW,AB,1
1062,ABV,ABV,0
1063,AB,AB,0
1064,ABV,ABV,0
1065,ABHIJKLM,ABDEEHIJKLM,3
1066,ABG,ABG,0
1067,ABC,ABC,0
1068,ABC,ABC,0
1069,ABV,ABV,0
1070,AB,AB,0
1071,ABHIJKLM,ABDEEHIJKLM,3
1072,ABHIJKLM,ABDEEHIJKLM,3
1073,ABC,ABC,0
1074,ABG,ABG,0
1075,ABV,ABV,0
1076,ABG,ABG,0
1077,ABG,ABG,0
1078,ABV,ABV,0
1079,ABG,ABG,0
1080,ABDE,ABDE,0
1081,ABDE,ABDE,0
1082,ABNO,AB,2
1083,ABW,AB,1
1084,ABC,ABC,0
1085,ABHJIKLM,ABDEEHJIKLM,3
1086,AB,AB,0
1087,ABG,ABG,0
1088,ABV,ABV,0
1089,ABHIJKLM,ABDEEHIJKLM,3
1090,ABV,ABV,0
1091,ABW,AB,1
1092,ABW,AB,1
1093,ABW,AB,1
1094,AB,AB,0
1095,ABDE,ABDE,0
1096,ABNO,AB,2
1097,ABW,AB,1
1098,ABC,ABC,0
1099,ABC,ABC,0
1100,ABW,AB,1
1101,ABHJIKLM,ABDEEHJIKLM,3
1102,ABNO,AB,2
1103,AB,AB,0
1104,AB,AB,0
1105,ABHIJKLM,ABDEEHIJKLM,3
1106,ABNO,AB,2
1107,ABC,ABC,0
1108,ABV,ABV,0
1109,ABNURTSO,AB,6
1110,ABV,ABV,0
1111,AB,AB,0
1112,ABHIJKLM,ABDEEHIJKLM,3
1113,ABDE,ABDE,0
1114,ABC,ABC,0
1115,ABG,ABG,0
1116,ABC,ABC,0
1117,ABV,ABV,0
1118,ABHJIKLM,ABDEEHJIKLM,3
1119,ABDE,ABDE,0
1120,ABW,AB,1
1121,ABHIJKLM,ABDEEHIJKLM,3
1122,ABG,ABG,0
1123,ABHIJKLM,ABDEEHIJKLM,3
1124,ABC,ABC,0
1125,AB,AB,0
1126,ABC,ABC,0
1127,ABDE,ABDE,0
1128,ABHIJKLM,ABDEEHIJKLM,3
1129,ABC,ABC,0
1130,AB,AB,0
1131,ABDE,ABDE,0
1132,ABNURSTO,AB,6
1133,ABDE,ABDE,0
1134,ABNSTRUO,AB,6
1135,ABDE,ABDE,0
1136,ABHJIKLM,ABDEEHJIKLM,3
1137,ABC,ABC,0
1138,ABV,ABV,0
1139,ABV,ABV,0
1140,ABC,ABC,0
1141,AB,AB,0
1142,ABHIJKLM,ABDEEHIJKLM,3
1143,ABNO,AB,2
1144,ABC,ABC,0
1145,ABNUSRTO,AB,6
1146,ABW,AB,1
1147,ABW,AB,1
1148,ABHJIKLM,ABDEEHJIKLM,3
1149,ABHIJKLM,ABDEEHIJKLM,3
1150,AB,AB,0
1151,ABG,ABG,0
1152,ABC,ABC,0
1153,ABG,ABG,0
1154,AB,AB,0
1155,ABNO,AB,2
1156,ABW,AB,1
1157,ABG,ABG,0
1158,ABG,ABG,0
1159,ABV,ABV,0
1160,ABW,AB,1
1161,ABNRUSTO,AB,6
1162,ABNO,AB,2
1163,ABC,ABC,0
1164,ABW,AB,1
1165,ABDE,ABDE,0
1166,ABNO,AB,2
1167,AB,AB,0
1168,ABDE,ABDE,0
1169,ABC,ABC,0
1170,ABDE,ABDE,0
1171,ABDE,ABDE,0
1172,ABHJIKLM,ABDEEHJIKLM,3
1173,ABDE,ABDE,0
1174,ABNSTRUO,AB,6
1175,ABDE,ABDE,0
1176,ABNRUTSO,AB,6
1177,AB,AB,0
1178,ABHJIKLM,ABDEEHJIKLM,3
1179,ABV,ABV,0
1180,ABG,ABG,0
1181,ABDE,ABDE,0
1182,ABW,AB,1
1183,ABW,AB,1
1184,ABW,AB,1
1185,AB,AB,0
1186,ABC,ABC,0
1187,ABW,AB,1
1188,ABV,ABV,0
1189,ABC,ABC,0
1190,ABG,ABG,0
1191,AB,AB,0
1192,ABG,ABG,0
1193,ABNUSRTO,AB,6
1194,ABW,AB,1
1195,ABDE,ABDE,0
1196,ABHIJKLM,ABDEEHIJKLM,3
1197,ABDE,ABDE,0
1198,ABG,ABG,0
1199,ABNO,AB,2
1200,ABHJIKLM,ABDEEHJIKLM,3
1201,ABNSURTO,AB,6
1202,ABV,ABV,0
1203,ABW,AB,1
1204,ABHJIKLM,ABDEEHJIKLM,3
1205,ABW,AB,1
1206,ABHJIKLM,ABDEEHJIKLM,3
1207,ABNSURTO,AB,6
1208,AB,AB,0
1209,ABV,ABV,0
1210,ABG,ABG,0
1211,ABNSURTO,AB,6
1212,AB,AB,0
1213,ABG,ABG,0
1214,AB,AB,0
1215,AB,AB,0
1216,ABDE,ABDE,0
1217,ABC,ABC,0
1218,AB,AB,0
1219,ABG,ABG,0
1220,ABNO,AB,2
1221,ABV,ABV,0
1222,ABDE,ABDE,0
1223,ABNO,AB,2
1224,ABDE,ABDE,0
1225,ABNO,AB,2
1226,ABHIJKLM,ABDEEHIJKLM,3
1227,ABDE,ABDE,0
1228,ABW,AB,1
1229,ABDE,ABDE,0
1230,ABDE,ABDE,0
1231,ABC,ABC,0
1232,ABV,ABV,0
1233,ABV,ABV,0
1234,ABV,ABV,0
1235,ABNO,AB,2
1236,ABNO,AB,2
1237,ABW,AB,1
1238,ABV,ABV,0
1239,ABV,ABV,0
1240,ABG,ABG,0
1241,ABNUSRTO,AB,6
1242,ABHIJKLM,ABDEEHIJKLM,3
1243,ABV,ABV,0
1244,AB,AB,0
1245,ABV,ABV,0
1246,ABHIJKLM,ABDEEHIJKLM,3
1247,ABDE,ABDE,0
1248,AB,AB,0
1249,ABW,AB,1
1250,ABHJIKLM,ABDEEHJIKLM,3
1251,ABG,ABG,0
1252,AB,AB,0
1253,ABHJIKLM,ABDEEHJIKLM,3
1254,AB,AB,0
1255,ABV,ABV,0
1256,ABC,ABC,0
1257,AB,AB,0
1258,ABV,ABV,0
1259,ABC,ABC,0
1260,ABG,ABG,0
1261,ABG,ABG,0
1262,ABDE,ABDE,0
1263,ABDE,ABDE,0
1264,ABV,ABV,0
1265,ABW,AB,1
1266,ABG,ABG,0
1267,ABDE,ABDE,0
1268,AB,AB,0
1269,AB,AB,0
1270,ABHJIKLM,ABDEEHJIKLM,3
1271,ABG,ABG,0
1272,ABV,ABV,0
1273,ABV,ABV,0
1274,ABDE,ABDE,0
1275,ABNO,AB,2
1276,ABG,ABG,0
1277,ABV,ABV,0
1278,ABW,AB,1
1279,ABDE,ABDE,0
1280,ABDE,ABDE,0
1281,ABW,AB,1
1282,ABNO,AB,2
1283,ABW,AB,1
1284,ABG,ABG,0
1285,ABHJIKLM,ABDEEHJIKLM,3
1286,ABV,ABV,0
1287,ABHJIKLM,ABDEEHJIKLM,3
1288,ABDE,ABDE,0
1289,ABDE,ABDE,0
1290,ABW,AB,1
1291,ABC,ABC,0
1292,AB,AB,0
1293,ABC,ABC,0
1294,ABC,ABC,0
1295,ABC,ABC,0
1296,ABNO,AB,2
1297,ABHIJKLM,ABDEEHIJKLM,3
1298,ABW,AB,1
1299,ABV,ABV,0
1300,ABC,ABC,0
1301,ABDE,ABDE,0
1302,ABDE,ABDE,0
1303,ABW,AB,1
1304,ABC,ABC,0
1305,ABV,ABV,0
1306,ABW,AB,1
1307,ABW,AB,1
1308,ABNO,AB,2
1309,ABDE,ABDE,0
1310,ABDE,ABDE,0
1311,ABG,ABG,0
1312,ABW,AB,1
1313,AB,AB,0
1314,ABG,ABG,0
1315,ABC,ABC,0
1316,ABHJIKLM,ABDEEHJIKLM,3
1317,ABW,AB,1
1318,ABG,ABG,0
1319,ABG,ABG,0
1320,ABNO,AB,2
1321,ABNSRUTO,AB,6
1322,ABC,ABC,0
1323,ABNO,AB,2
1324,AB,AB,0
1325,ABDE,ABDE,0
1326,ABHIJKLM,ABDEEHIJKLM,3
1327,ABV,ABV,0
1328,ABV,ABV,0
1329,ABC,ABC,0
1330,ABNUTRSO,AB,6
1331,ABNO,AB,2
1332,ABHIJKLM,ABDEEHIJKLM,3
1333,ABHIJKLM,ABDEEHIJKLM,3
1334,ABG,ABG,0
1335,ABC,ABC,0
1336,ABNO,AB,2
1337,ABDE,ABDE,0
1338,ABHIJKLM,ABDEEHIJKLM,3
1339,ABNUSTRO,AB,6
1340,ABV,ABV,0
1341,AB,AB,0
1342,ABNSTURO,AB,6
1343,ABDE,ABDE,0
1344,ABDE,ABDE,0
1345,ABHJIKLM,ABDEEHJIKLM,3
1346,ABDE,ABDE,0
1347,ABNO,AB,2
1348,ABNUTSRO,AB,6
1349,ABW,AB,1
1350,ABDE,ABDE,0
1351,ABHJIKLM,ABDEEHJIKLM,3
1352,ABV,ABV,0
1353,ABV,ABV,0
1354,ABW,AB,1
1355,AB,AB,0
1356,ABDE,ABDE,0
1357,ABG,ABG,0
1358,AB,AB,0
1359,ABHIJKLM,ABDEEHIJKLM,3
1360,AB,AB,0
1361,ABHJIKLM,ABDEEHJIKLM,3
1362,ABC,ABC,0
1363,ABNO,AB,2
1364,ABV,ABV,0
1365,ABHJIKLM,ABDEEHJIKLM,3
1366,ABHJIKLM,ABDEEHJIKLM,3
1367,ABDE,ABDE,0
1368,ABW,AB,1
1369,ABW,AB,1
1370,AB,AB,0
1371,ABG,ABG,0
1372,ABW,AB,1
1373,ABV,ABV,0
1374,ABHIJKLM,ABDEEHIJKLM,3
1375,ABNO,AB,2
1376,ABW,AB,1
1377,ABNTRSUO,AB,6
1378,ABC,ABC,0
1379,ABG,ABG,0
1380,ABHIJKLM,ABDEEHIJKLM,3
1381,ABG,ABG,0
1382,ABV,ABV,0
1383,ABNO,AB,2
1384,ABDE,ABDE,0
1385,ABV,ABV,0
1386,ABC,ABC,0
1387,ABDE,ABDE,0
1388,ABC,ABC,0
1389,ABV,ABV,0
1390,ABC,ABC,0
1391,ABDE,ABDE,0
1392,ABG,ABG,0
1393,ABHIJKLM,ABDEEHIJKLM,3
1394,ABDE,ABDE,0
1395,ABG,ABG,0
1396,ABW,AB,1
1397,AB,AB,0
1398,ABDE,ABDE,0
1399,ABHIJKLM,ABDEEHIJKLM,3
1400,AB,AB,0
1401,ABNO,AB,2
1402,ABV,ABV,0
1403,ABDE,ABDE,0
1404,ABNO,AB,2
1405,ABNO,AB,2
1406,AB,AB,0
1407,ABDE,ABDE,0
1408,AB,AB,0
1409,ABC,ABC,0
1410,ABHJIKLM,ABDEEHJIKLM,3
1411,ABW,AB,1
1412,ABC,ABC,0
1413,ABC,ABC,0
1414,ABHIJKLM,ABDEEHIJKLM,3
1415,ABV,ABV,0
1416,ABDE,ABDE,0
1417,ABHIJKLM,ABDEEHIJKLM,3
1418,ABC,ABC,0
1419,ABHIJKLM,ABDEEHIJKLM,3
1420,ABHIJKLM,ABDEEHIJKLM,3
1421,ABNRUTSO,AB,6
1422,ABNSTURO,AB,6
1423,AB,AB,0
1424,ABHIJKLM,ABDEEHIJKLM,3
1425,ABHIJKLM,ABDEEHIJKLM,3
1426,ABDE,ABDE,0
1427,ABNO,AB,2
1428,AB,AB,0
1429,ABHJIKLM,ABDEEHJIKLM,3
1430,ABNO,AB,2
1431,ABC,ABC,0
1432,ABNRSTUO,AB,6
1433,ABV,ABV,0
1434,AB,AB,0
1435,ABNO,AB,2
1436,ABNRUTSO,AB,6
1437,ABG,ABG,0
1438,AB,AB,0
1439,ABDE,ABDE,0
1440,ABC,ABC,0
1441,ABNO,AB,2
1442,ABNSUTRO,AB,6
1443,ABV,ABV,0
1444,ABC,ABC,0
1445,ABDE,ABDE,0
1446,ABHJIKLM,ABDEEHJIKLM,3
1447,ABW,AB,1
1448,ABW,AB,1
1449,ABW,AB,1
1450,ABC,ABC,0
1451,ABW,AB,1
1452,ABV,ABV,0
1453,ABV,ABV,0
1454,ABW,AB,1
1455,ABC,ABC,0
1456,ABV,ABV,0
1457,ABV,ABV,0
1458,ABHJIKLM,ABDEEHJIKLM,3
1459,ABDE,ABDE,0
1460,ABNO,AB,2
1461,ABHIJKLM,ABDEEHIJKLM,3
1462,ABW,AB,1
1463,ABW,AB,1
1464,ABV,ABV,0
1465,ABW,AB,1
1466,ABHIJKLM,ABDEEHIJKLM,3
1467,ABHJIKLM,ABDEEHJIKLM,3
1468,ABNUSRTO,AB,6
1469,ABC,ABC,0
1470,ABG,ABG,0
1471,ABHJIKLM,ABDEEHJIKLM,3
1472,ABG,ABG,0
1473,AB,AB,0
1474,ABDE,ABDE,0
1475,ABNO,AB,2
1476,ABV,ABV,0
1477,ABV,ABV,0
1478,ABC,ABC,0
1479,AB,AB,0
1480,ABHJIKLM,ABDEEHJIKLM,3
1481,ABG,ABG,0
1482,AB,AB,0
1483,ABW,AB,1
1484,AB,AB,0
1485,AB,AB,0
1486,ABW,AB,1
1487,AB,AB,0
1488,ABW,AB,1
1489,ABG,ABG,0
1490,ABNO,AB,2
1491,ABHIJKLM,ABDEEHIJKLM,3
1492,ABW,AB,1
1493,ABV,ABV,0
1494,ABW,AB,1
1495,ABNURTSO,AB,6
1496,ABW,AB,1
1497,ABV,ABV,0
1498,ABDE,ABDE,0
1499,ABG,ABG,0
1500,ABC,ABC,0
1501,ABV,ABV,0
1502,ABC,ABC,0
1503,ABW,AB,1
1504,ABHIJKLM,ABDEEHIJKLM,3
1505,ABW,AB,1
1506,ABNRUTSO,AB,6
1507,AB,AB,0
1508,ABV,ABV,0
1509,ABDE,ABDE,0
1510,ABNRSUTO,AB,6
1511,ABC,ABC,0
1512,ABG,ABG,0
1513,ABG,ABG,0
1514,ABV,ABV,0
1515,AB,AB,0
1516,ABDE,ABDE,0
1517,ABG,ABG,0
1518,ABDE,ABDE,0
1519,AB,AB,0
1520,AB,AB,0
1521,ABW,AB,1
1522,ABC,ABC,0
1523,ABC,ABC,0
1524,ABG,ABG,0
1525,ABC,ABC,0
1526,ABHJIKLM,ABDEEHJIKLM,3
1527,ABW,AB,1
1528,ABHIJKLM,ABDEEHIJKLM,3
1529,ABG,ABG,0
1530,ABDE,ABDE,0
1531,ABC,ABC,0
1532,ABHIJKLM,ABDEEHIJKLM,3
1533,ABC,ABC,0
1534,ABDE,ABDE,0
1535,ABNO,AB,2
1536,ABG,ABG,0
1537,ABG,ABG,0
1538,ABHIJKLM,ABDEEHIJKLM,3
1539,ABNTRUSO,AB,6
1540,ABNO,AB,2
1541,ABNSTRUO,AB,6
1542,ABDE,ABDE,0
1543,ABDE,ABDE,0
1544,ABNO,AB,2
1545,ABG,ABG,0
1546,ABG,ABG,0
1547,ABG,ABG,0
1548,ABNURTSO,AB,6
1549,ABHJIKLM,ABDEEHJIKLM,3
1550,ABDE,ABDE,0
1551,ABC,ABC,0
1552,ABV,ABV,0
1553,ABG,ABG,0
1554,ABG,ABG,0
1555,ABW,AB,1
1556,ABV,ABV,0
1557,ABNTUSRO,AB,6
1558,ABV,ABV,0
1559,ABHIJKLM,ABDEEHIJKLM,3
1560,ABV,ABV,0
1561,ABNSTURO,AB,6
1562,ABW,AB,1
1563,ABV,ABV,0
1564,ABW,AB,1
1565,ABC,ABC,0
1566,ABG,ABG,0
1567,ABV,ABV,0
1568,ABC,ABC,0
1569,ABW,AB,1
1570,ABC,ABC,0
1571,ABG,ABG,0
1572,ABHIJKLM,ABDEEHIJKLM,3
1573,ABW,AB,1
1574,ABW,AB,1
1575,ABNO,AB,2
1576,ABC,ABC,0
1577,ABC,ABC,0
1578,ABNO,AB,2
1579,ABW,AB,1
1580,ABV,ABV,0
1581,ABG,ABG,0
1582,ABW,AB,1
1583,ABW,AB,1
1584,ABV,ABV,0
1585,ABNO,AB,2
1586,ABDE,ABDE,0
1587,ABG,ABG,0
1588,ABW,AB,1
1589,ABV,ABV,0
1590,ABC,ABC,0
1591,ABG,ABG,0
1592,ABHJIKLM,ABDEEHJIKLM,3
1593,ABNRUTSO,AB,6
1594,AB,AB,0
1595,ABW,AB,1
1596,ABV,ABV,0
1597,ABW,AB,1
1598,ABNO,AB,2
1599,ABHJIKLM,ABDEEHJIKLM,3
1600,ABG,ABG,0
1601,ABC,ABC,0
1602,ABV,ABV,0
1603,ABG,ABG,0
1604,ABHJIKLM,ABDEEHJIKLM,3
1605,ABC,ABC,0
1606,ABC,ABC,0
1607,ABV,ABV,0
1608,ABG,ABG,0
1609,ABDE,ABDE,0
1610,AB,AB,0
1611,ABW,AB,1
1612,AB,AB,0
1613,ABW,AB,1
1614,ABHJIKLM,ABDEEHJIKLM,3
1615,ABHJIKLM,ABDEEHJIKLM,3
1616,ABV,ABV,0
1617,ABNTSRUO,AB,6
1618,ABHIJKLM,ABDEEHIJKLM,3
1619,ABV,ABV,0
1620,ABDE,ABDE,0
1621,ABDE,ABDE,0
1622,ABV,ABV,0
1623,ABDE,ABDE,0
1624,ABC,ABC,0
1625,ABW,AB,1
1626,ABG,ABG,0
1627,ABW,AB,1
1628,ABW,AB,1
1629,ABW,AB,1
1630,ABDE,ABDE,0
1631,ABDE,ABDE,0
1632,ABNO,AB,2
1633,AB,AB,0
1634,ABV,ABV,0
1635,ABV,ABV,0
1636,ABHJIKLM,ABDEEHJIKLM,3
1637,AB,AB,0
1638,ABDE,ABDE,0
1639,ABC,ABC,0
1640,ABC,ABC,0
1641,ABNTRSUO,AB,6
1642,ABW,AB,1
1643,ABW,AB,1
1644,ABG,ABG,0
1645,AB,AB,0
1646,ABV,ABV,0
1647,ABW,AB,1
1648,ABC,ABC,0
1649,ABG,ABG,0
1650,AB,AB,0
1651,ABW,AB,1
1652,AB,AB,0
1653,ABDE,ABDE,0
1654,AB,AB,0
1655,ABDE,ABDE,0
1656,ABV,ABV,0
1657,ABHIJKLM,ABDEEHIJKLM,3
1658,AB,AB,0
1659,ABC,ABC,0
1660,ABG,ABG,0
1661,AB,AB,0
1662,ABC,ABC,0
1663,ABHIJKLM,ABDEEHIJKLM,3
1664,ABG,ABG,0
1665,ABNTRUSO,AB,6
1666,ABW,AB,1
1667,ABNRTUSO,AB,6
1668,ABC,ABC,0
1669,ABHIJKLM,ABDEEHIJKLM,3
1670,ABW,AB,1
1671,ABNSRUTO,AB,6
1672,ABHIJKLM,ABDEEHIJKLM,3
1673,ABDE,ABDE,0
1674,ABNO,AB,2
1675,AB,AB,0
1676,ABNO,AB,2
1677,ABV,ABV,0
1678,ABDE,ABDE,0
1679,ABHJIKLM,ABDEEHJIKLM,3
1680,ABDE,ABDE,0
1681,ABC,ABC,0
1682,ABHIJKLM,ABDEEHIJKLM,3
1683,ABNO,AB,2
1684,ABG,ABG,0
1685,ABNO,AB,2
1686,AB,AB,0
1687,ABNO,AB,2
1688,ABV,ABV,0
1689,ABNO,AB,2
1690,ABDE,ABDE,0
1691,AB,AB,0
1692,ABDE,ABDE,0
1693,ABV,ABV,0
1694,ABC,ABC,0
1695,ABG,ABG,0
1696,ABG,ABG,0
1697,ABG,ABG,0
1698,ABV,ABV,0
1699,ABG,ABG,0
1700,ABNSURTO,AB,6
1701,AB,AB,0
1702,AB,AB,0
1703,ABV,ABV,0
1704,ABV,ABV,0
1705,AB,AB,0
1706,ABV,ABV,0
1707,ABNO,AB,2
1708,ABW,AB,1
1709,ABC,ABC,0
1710,ABG,ABG,0
1711,ABNO,AB,2
1712,ABW,AB,1
1713,ABV,ABV,0
1714,ABHJIKLM,ABDEEHJIKLM,3
1715,ABG,ABG,0
1716,ABG,ABG,0
1717,ABHJIKLM,ABDEEHJIKLM,3
1718,ABW,AB,1
1719,ABHIJKLM,ABDEEHIJKLM,3
1720,ABHIJKLM,ABDEEHIJKLM,3
1721,ABW,AB,1
1722,ABG,ABG,0
1723,ABG,ABG,0
1724,ABV,ABV,0
1725,ABHJIKLM,ABDEEHJIKLM,3
1726,ABHJIKLM,ABDEEHJIKLM,3
1727,ABNRTUSO,AB,6
1728,ABW,AB,1
1729,ABC,ABC,0
1730,ABHJIKLM,ABDEEHJIKLM,3
1731,ABNO,AB,2
1732,ABHJIKLM,ABDEEHJIKLM,3
1733,ABV,ABV,0
1734,ABV,ABV,0
1735,ABW,AB,1
1736,ABV,ABV,0
1737,AB,AB,0
1738,ABV,ABV,0
1739,ABW,AB,1
1740,ABNO,AB,2
1741,ABG,ABG,0
1742,ABG,ABG,0
1743,ABW,AB,1
1744,ABDE,ABDE,0
1745,ABDE,ABDE,0
1746,AB,AB,0
1747,ABV,ABV,0
1748,ABG,ABG,0
1749,ABDE,ABDE,0
1750,ABG,ABG,0
1751,ABC,ABC,0
1752,ABC,ABC,0
1753,ABHJIKLM,ABDEEHJIKLM,3
1754,ABNUTSRO,AB,6
1755,ABC,ABC,0
1756,ABNSTRUO,AB,6
1757,ABDE,ABDE,0
1758,AB,AB,0
1759,ABC,ABC,0
1760,AB,AB,0
1761,ABDE,ABDE,0
1762,ABV,ABV,0
1763,ABHIJKLM,ABDEEHIJKLM,3
1764,ABDE,ABDE,0
1765,ABV,ABV,0
1766,AB,AB,0
1767,AB,AB,0
1768,ABW,AB,1
1769,ABNO,AB,2
1770,ABDE,ABDE,0
1771,ABW,AB,1
1772,ABNO,AB,2
1773,ABNO,AB,2
1774,ABV,ABV,0
1775,ABC,ABC,0
1776,AB,AB,0
1777,ABDE,ABDE,0
1778,ABNRUSTO,AB,6
1779,ABHIJKLM,ABDEEHIJKLM,3
1780,ABDE,ABDE,0
1781,ABC,ABC,0
1782,ABC,ABC,0
1783,ABV,ABV,0
1784,ABHJIKLM,ABDEEHJIKLM,3
1785,ABC,ABC,0
1786,AB,AB,0
1787,ABG,ABG,0
1788,AB,AB,0
1789,ABNO,AB,2
1790,ABNO,AB,2
1791,ABDE,ABDE,0
1792,AB,AB,0
1793,ABG,ABG,0
1794,ABHJIKLM,ABDEEHJIKLM,3
1795,ABNO,AB,2
1796,ABC,ABC,0
1797,ABHJIKLM,ABDEEHJIKLM,3
1798,ABNSTRUO,AB,6
1799,ABV,ABV,0
1800,ABW,AB,1
1801,ABG,ABG,0
1802,ABHIJKLM,ABDEEHIJKLM,3
1803,ABG,ABG,0
1804,ABHJIKLM,ABDEEHJIKLM,3
1805,ABNO,AB,2
1806,ABDE,ABDE,0
1807,ABG,ABG,0
1808,ABDE,ABDE,0
1809,ABV,ABV,0
1810,ABV,ABV,0
1811,AB,AB,0
1812,ABG,ABG,0
1813,ABC,ABC,0
1814,ABNO,AB,2
1815,ABW,AB,1
1816,ABG,ABG,0
1817,ABV,ABV,0
1818,ABHIJKLM,ABDEEHIJKLM,3
1819,ABG,ABG,0
1820,ABC,ABC,0
1821,ABV,ABV,0
1822,ABG,ABG,0
1823,AB,AB,0
1824,ABHJIKLM,ABDEEHJIKLM,3
1825,ABW,AB,1
1826,ABDE,ABDE,0
1827,ABNO,AB,2
1828,ABDE,ABDE,0
1829,ABDE,ABDE,0
1830,ABV,ABV,0
1831,ABHJIKLM,ABDEEHJIKLM,3
1832,ABV,ABV,0
1833,AB,AB,0
1834,ABV,ABV,0
1835,ABW,AB,1
1836,ABV,ABV,0
1837,ABC,ABC,0
1838,ABHJIKLM,ABDEEHJIKLM,3
1839,ABC,ABC,0
1840,AB,AB,0
1841,ABV,ABV,0
1842,ABV,ABV,0
1843,AB,AB,0
1844,ABNO,AB,2
1845,ABC,ABC,0
1846,ABHIJKLM,ABDEEHIJKLM,3
1847,ABW,AB,1
1848,ABV,ABV,0
1849,ABC,ABC,0
1850,ABV,ABV,0
1851,AB,AB,0
1852,ABW,AB,1
1853,ABNTURSO,AB,6
1854,ABHJIKLM,ABDEEHJIKLM,3
1855,ABV,ABV,0
1856,ABV,ABV,0
1857,ABV,ABV,0
1858,ABG,ABG,0
1859,ABC,ABC,0
1860,ABW,AB,1
1861,ABG,ABG,0
1862,ABC,ABC,0
1863,ABNTRSUO,AB,6
1864,ABG,ABG,0
1865,ABHIJKLM,ABDEEHIJKLM,3
1866,AB,AB,0
1867,ABHJIKLM,ABDEEHJIKLM,3
1868,ABNO,AB,2
1869,ABDE,ABDE,0
1870,AB,AB,0
1871,ABNO,AB,2
1872,ABV,ABV,0
1873,ABW,AB,1
1874,ABG,ABG,0
1875,ABNURSTO,AB,6
1876,ABG,ABG,0
1877,ABG,ABG,0
1878,ABDE,ABDE,0
1879,ABW,AB,1
1880,ABV,ABV,0
1881,ABV,ABV,0
1882,ABW,AB,1
1883,ABV,ABV,0
1884,ABG,ABG,0
1885,ABDE,ABDE,0
1886,ABC,ABC,0
1887,ABG,ABG,0
1888,ABHJIKLM,ABDEEHJIKLM,3
1889,ABDE,ABDE,0
1890,ABHIJKLM,ABDEEHIJKLM,3
1891,ABC,ABC,0
1892,ABC,ABC,0
1893,AB,AB,0
1894,AB,AB,0
1895,ABV,ABV,0
1896,ABG,ABG,0
1897,AB,AB,0
1898,ABDE,ABDE,0
1899,ABV,ABV,0
1900,ABV,ABV,0
1901,ABW,AB,1
1902,ABDE,ABDE,0
1903,ABNO,AB,2
1904,ABG,ABG,0
1905,ABW,AB,1
1906,ABG,ABG,0
1907,ABHJIKLM,ABDEEHJIKLM,3
1908,ABV,ABV,0
1909,ABNSURTO,AB,6
1910,ABC,ABC,0
1911,ABV,ABV,0
1912,ABW,AB,1
1913,ABG,ABG,0
1914,ABV,ABV,0
1915,ABG,ABG,0
1916,ABG,ABG,0
1917,ABHIJKLM,ABDEEHIJKLM,3
1918,ABW,AB,1
1919,ABG,ABG,0
1920,ABV,ABV,0
1921,ABC,ABC,0
1922,ABG,ABG,0
1923,ABG,ABG,0
1924,ABW,AB,1
1925,ABHJIKLM,ABDEEHJIKLM,3
1926,ABHIJKLM,ABDEEHIJKLM,3
1927,ABC,ABC,0
1928,ABHJIKLM,ABDEEHJIKLM,3
1929,ABG,ABG,0
1930,ABV,ABV,0
1931,ABHIJKLM,ABDEEHIJKLM,3
1932,ABDE,ABDE,0
1933,AB,AB,0
1934,AB,AB,0
1935,AB,AB,0
1936,ABW,AB,1
1937,ABNO,AB,2
1938,ABHIJKLM,ABDEEHIJKLM,3
1939,ABHIJKLM,ABDEEHIJKLM,3
1940,ABG,ABG,0
1941,ABDE,ABDE,0
1942,AB,AB,0
1943,ABHJIKLM,ABDEEHJIKLM,3
1944,ABG,ABG,0
1945,ABG,ABG,0
1946,ABNO,AB,2
1947,ABDE,ABDE,0
1948,ABHJIKLM,ABDEEHJIKLM,3
1949,ABC,ABC,0
1950,ABV,ABV,0
1951,ABNO,AB,2
1952,ABG,ABG,0
1953,ABNO,AB,2
1954,ABNRTSUO,AB,6
1955,ABHJIKLM,ABDEEHJIKLM,3
1956,ABW,AB,1
1957,ABC,ABC,0
1958,ABV,ABV,0
1959,ABW,AB,1
1960,ABC,ABC,0
1961,ABC,ABC,0
1962,ABW,AB,1
1963,ABW,AB,1
1964,ABNURSTO,AB,6
1965,ABNSTRUO,AB,6
1966,ABC,ABC,0
1967,ABV,ABV,0
1968,ABDE,ABDE,0
1969,AB,AB,0
1970,ABG,ABG,0
1971,AB,AB,0
1972,ABDE,ABDE,0
1973,ABW,AB,1
1974,ABW,AB,1
1975,ABG,ABG,0
1976,ABNTUSRO,AB,6
1977,ABHJIKLM,ABDEEHJIKLM,3
1978,ABNRSUTO,AB,6
1979,ABHJIKLM,ABDEEHJIKLM,3
1980,ABHIJKLM,ABDEEHIJKLM,3
1981,ABDE,ABDE,0
1982,ABG,ABG,0
1983,ABV,ABV,0
1984,ABDE,ABDE,0
1985,AB,AB,0
1986,ABV,ABV,0
1987,ABG,ABG,0
1988,AB,AB,0
1989,ABHIJKLM,ABDEEHIJKLM,3
1990,ABNTURSO,AB,6
1991,ABV,ABV,0
1992,ABNO,AB,2
1993,ABNO,AB,2
1994,ABW,AB,1
1995,ABDE,ABDE,0
1996,ABNO,AB,2
1997,ABC,ABC,0
1998,ABC,ABC,0
1999,ABDE,ABDE,0
